Review_ID,Review_Text,Sentiment
522,Excellent service and fast delivery. Highly recommend!,Positive
738,"Terrible experience, the product broke after a week.",Negative
741,"Neutral feelings about this product, it's just average.",Neutral
661,This is the best purchase I've made this year!,Positive
412,"The product is okay, but nothing special.",Neutral
679,"Terrible experience, the product broke after a week.",Negative
627,Not satisfied with the quality. It feels cheap.,Negative
514,I love this product! It has changed my life.,Positive
860,Not satisfied with the quality. It feels cheap.,Negative
137,"The product is okay, but nothing special.",Neutral
812,"Terrible experience, the product broke after a week.",Negative
77,"The product is okay, but nothing special.",Neutral
637,Not satisfied with the quality. It feels cheap.,Negative
974,"Terrible experience, the product broke after a week.",Negative
939,This is the best purchase I've made this year!,Positive
900,I wouldn't recommend this to my friends. Poor performance.,Negative
281,I love this product! It has changed my life.,Positive
884,Not satisfied with the quality. It feels cheap.,Negative
762,This is the best purchase I've made this year!,Positive
320,"Terrible experience, the product broke after a week.",Negative
550,Amazing quality and great value for the price!,Positive
175,"The product is okay, but nothing special.",Neutral
372,"The product is okay, but nothing special.",Neutral
528,I love this product! It has changed my life.,Positive
211,"Neutral feelings about this product, it's just average.",Neutral
236,Excellent service and fast delivery. Highly recommend!,Positive
102,Amazing quality and great value for the price!,Positive
987,Amazing quality and great value for the price!,Positive
903,"Terrible experience, the product broke after a week.",Negative
948,Excellent service and fast delivery. Highly recommend!,Positive
347,"The product is okay, but nothing special.",Neutral
140,Not satisfied with the quality. It feels cheap.,Negative
622,The item arrived late and was damaged. Very disappointed.,Negative
500,"Neutral feelings about this product, it's just average.",Neutral
371,Not satisfied with the quality. It feels cheap.,Negative
199,Excellent service and fast delivery. Highly recommend!,Positive
688,This is the best purchase I've made this year!,Positive
585,Excellent service and fast delivery. Highly recommend!,Positive
902,I love this product! It has changed my life.,Positive
60,"Terrible experience, the product broke after a week.",Negative
329,Amazing quality and great value for the price!,Positive
97,"Neutral feelings about this product, it's just average.",Neutral
313,Excellent service and fast delivery. Highly recommend!,Positive
975,"Neutral feelings about this product, it's just average.",Neutral
300,I wouldn't recommend this to my friends. Poor performance.,Negative
278,Amazing quality and great value for the price!,Positive
925,This is the best purchase I've made this year!,Positive
602,"Neutral feelings about this product, it's just average.",Neutral
440,I wouldn't recommend this to my friends. Poor performance.,Negative
838,The item arrived late and was damaged. Very disappointed.,Negative
571,"The product is okay, but nothing special.",Neutral
880,"The product is okay, but nothing special.",Neutral
262,"The product is okay, but nothing special.",Neutral
579,The item arrived late and was damaged. Very disappointed.,Negative
24,Excellent service and fast delivery. Highly recommend!,Positive
31,This is the best purchase I've made this year!,Positive
618,I wouldn't recommend this to my friends. Poor performance.,Negative
11,The item arrived late and was damaged. Very disappointed.,Negative
222,"Terrible experience, the product broke after a week.",Negative
821,I wouldn't recommend this to my friends. Poor performance.,Negative
297,"Terrible experience, the product broke after a week.",Negative
55,Excellent service and fast delivery. Highly recommend!,Positive
543,Amazing quality and great value for the price!,Positive
210,Not satisfied with the quality. It feels cheap.,Negative
605,The item arrived late and was damaged. Very disappointed.,Negative
693,The item arrived late and was damaged. Very disappointed.,Negative
663,I wouldn't recommend this to my friends. Poor performance.,Negative
867,Excellent service and fast delivery. Highly recommend!,Positive
71,Not satisfied with the quality. It feels cheap.,Negative
544,I wouldn't recommend this to my friends. Poor performance.,Negative
108,The item arrived late and was damaged. Very disappointed.,Negative
494,This is the best purchase I've made this year!,Positive
591,The item arrived late and was damaged. Very disappointed.,Negative
742,Amazing quality and great value for the price!,Positive
293,I wouldn't recommend this to my friends. Poor performance.,Negative
290,"Terrible experience, the product broke after a week.",Negative
653,Excellent service and fast delivery. Highly recommend!,Positive
40,This is the best purchase I've made this year!,Positive
590,I wouldn't recommend this to my friends. Poor performance.,Negative
308,Amazing quality and great value for the price!,Positive
680,Not satisfied with the quality. It feels cheap.,Negative
67,"The product is okay, but nothing special.",Neutral
276,I love this product! It has changed my life.,Positive
68,This is the best purchase I've made this year!,Positive
319,This is the best purchase I've made this year!,Positive
549,The item arrived late and was damaged. Very disappointed.,Negative
999,Not satisfied with the quality. It feels cheap.,Negative
715,"Neutral feelings about this product, it's just average.",Neutral
754,I wouldn't recommend this to my friends. Poor performance.,Negative
328,Excellent service and fast delivery. Highly recommend!,Positive
383,This is the best purchase I've made this year!,Positive
452,The item arrived late and was damaged. Very disappointed.,Negative
523,The item arrived late and was damaged. Very disappointed.,Negative
219,"Neutral feelings about this product, it's just average.",Neutral
788,"The product is okay, but nothing special.",Neutral
437,"Terrible experience, the product broke after a week.",Negative
765,Not satisfied with the quality. It feels cheap.,Negative
89,Not satisfied with the quality. It feels cheap.,Negative
64,Not satisfied with the quality. It feels cheap.,Negative
827,The item arrived late and was damaged. Very disappointed.,Negative
717,"Neutral feelings about this product, it's just average.",Neutral
352,"The product is okay, but nothing special.",Neutral
937,This is the best purchase I've made this year!,Positive
257,"Neutral feelings about this product, it's just average.",Neutral
636,The item arrived late and was damaged. Very disappointed.,Negative
645,"Terrible experience, the product broke after a week.",Negative
555,Not satisfied with the quality. It feels cheap.,Negative
960,"Neutral feelings about this product, it's just average.",Neutral
169,"Terrible experience, the product broke after a week.",Negative
918,The item arrived late and was damaged. Very disappointed.,Negative
529,"Terrible experience, the product broke after a week.",Negative
824,Excellent service and fast delivery. Highly recommend!,Positive
986,"Neutral feelings about this product, it's just average.",Neutral
817,I wouldn't recommend this to my friends. Poor performance.,Negative
87,This is the best purchase I've made this year!,Positive
433,The item arrived late and was damaged. Very disappointed.,Negative
185,This is the best purchase I've made this year!,Positive
979,Not satisfied with the quality. It feels cheap.,Negative
535,I love this product! It has changed my life.,Positive
295,Excellent service and fast delivery. Highly recommend!,Positive
893,"Neutral feelings about this product, it's just average.",Neutral
426,The item arrived late and was damaged. Very disappointed.,Negative
714,Not satisfied with the quality. It feels cheap.,Negative
261,I love this product! It has changed my life.,Positive
238,Amazing quality and great value for the price!,Positive
560,,Negative
584,I love this product! It has changed my life.,Positive
446,This is the best purchase I've made this year!,Positive
868,Not satisfied with the quality. It feels cheap.,Negative
801,I love this product! It has changed my life.,Positive
600,I wouldn't recommend this to my friends. Poor performance.,Negative
850,Excellent service and fast delivery. Highly recommend!,Positive
266,Not satisfied with the quality. It feels cheap.,Negative
996,The item arrived late and was damaged. Very disappointed.,Negative
530,The item arrived late and was damaged. Very disappointed.,Negative
56,"Terrible experience, the product broke after a week.",Negative
121,"Terrible experience, the product broke after a week.",Negative
216,I wouldn't recommend this to my friends. Poor performance.,Negative
26,,Positive
73,I wouldn't recommend this to my friends. Poor performance.,Negative
45,"Neutral feelings about this product, it's just average.",Neutral
248,Amazing quality and great value for the price!,Positive
722,I love this product! It has changed my life.,Positive
282,I love this product! It has changed my life.,Positive
894,"Neutral feelings about this product, it's just average.",Neutral
915,Not satisfied with the quality. It feels cheap.,Negative
811,"Neutral feelings about this product, it's just average.",Neutral
245,Excellent service and fast delivery. Highly recommend!,Positive
823,"Terrible experience, the product broke after a week.",Negative
322,"Neutral feelings about this product, it's just average.",Neutral
644,Excellent service and fast delivery. Highly recommend!,Positive
159,"Terrible experience, the product broke after a week.",Negative
978,"Neutral feelings about this product, it's just average.",Neutral
430,Not satisfied with the quality. It feels cheap.,Negative
942,Amazing quality and great value for the price!,Positive
463,The item arrived late and was damaged. Very disappointed.,Negative
310,Not satisfied with the quality. It feels cheap.,Negative
698,"Neutral feelings about this product, it's just average.",Neutral
61,Excellent service and fast delivery. Highly recommend!,Positive
885,"Neutral feelings about this product, it's just average.",Neutral
596,The item arrived late and was damaged. Very disappointed.,Negative
768,Excellent service and fast delivery. Highly recommend!,Positive
650,I love this product! It has changed my life.,Positive
651,I wouldn't recommend this to my friends. Poor performance.,Negative
866,"Terrible experience, the product broke after a week.",Negative
669,I wouldn't recommend this to my friends. Poor performance.,Negative
299,Excellent service and fast delivery. Highly recommend!,Positive
690,Amazing quality and great value for the price!,Positive
315,The item arrived late and was damaged. Very disappointed.,Negative
311,Excellent service and fast delivery. Highly recommend!,Positive
362,Not satisfied with the quality. It feels cheap.,Negative
480,The item arrived late and was damaged. Very disappointed.,Negative
111,"The product is okay, but nothing special.",Neutral
990,Excellent service and fast delivery. Highly recommend!,Positive
487,I love this product! It has changed my life.,Positive
364,"Terrible experience, the product broke after a week.",Negative
255,"The product is okay, but nothing special.",Neutral
260,The item arrived late and was damaged. Very disappointed.,Negative
803,Not satisfied with the quality. It feels cheap.,Negative
678,Excellent service and fast delivery. Highly recommend!,Positive
495,"Neutral feelings about this product, it's just average.",Neutral
671,Not satisfied with the quality. It feels cheap.,Negative
378,"Terrible experience, the product broke after a week.",Negative
527,"The product is okay, but nothing special.",Neutral
846,Excellent service and fast delivery. Highly recommend!,Positive
138,"Neutral feelings about this product, it's just average.",Neutral
356,Excellent service and fast delivery. Highly recommend!,Positive
366,Not satisfied with the quality. It feels cheap.,Negative
943,I love this product! It has changed my life.,Positive
750,Excellent service and fast delivery. Highly recommend!,Positive
949,Amazing quality and great value for the price!,Positive
830,I wouldn't recommend this to my friends. Poor performance.,Negative
657,I wouldn't recommend this to my friends. Poor performance.,Negative
200,I love this product! It has changed my life.,Positive
214,"The product is okay, but nothing special.",Neutral
409,The item arrived late and was damaged. Very disappointed.,Negative
333,"Terrible experience, the product broke after a week.",Negative
209,Excellent service and fast delivery. Highly recommend!,Positive
614,I wouldn't recommend this to my friends. Poor performance.,Negative
79,The item arrived late and was damaged. Very disappointed.,Negative
30,The item arrived late and was damaged. Very disappointed.,Negative
536,Amazing quality and great value for the price!,Positive
696,The item arrived late and was damaged. Very disappointed.,Negative
558,Amazing quality and great value for the price!,Positive
837,,Neutral
597,The item arrived late and was damaged. Very disappointed.,Negative
166,"Terrible experience, the product broke after a week.",Negative
919,"Neutral feelings about this product, it's just average.",Neutral
496,"Neutral feelings about this product, it's just average.",Neutral
825,"Terrible experience, the product broke after a week.",Negative
66,This is the best purchase I've made this year!,Positive
142,"The product is okay, but nothing special.",Neutral
926,"Terrible experience, the product broke after a week.",Negative
828,I wouldn't recommend this to my friends. Poor performance.,Negative
656,"Terrible experience, the product broke after a week.",Negative
332,This is the best purchase I've made this year!,Positive
665,"Terrible experience, the product broke after a week.",Negative
250,I love this product! It has changed my life.,Positive
908,Not satisfied with the quality. It feels cheap.,Negative
709,I wouldn't recommend this to my friends. Poor performance.,Negative
306,I wouldn't recommend this to my friends. Poor performance.,Negative
735,I love this product! It has changed my life.,Positive
976,"Terrible experience, the product broke after a week.",Negative
50,Amazing quality and great value for the price!,Positive
897,I love this product! It has changed my life.,Positive
3,Not satisfied with the quality. It feels cheap.,Negative
545,This is the best purchase I've made this year!,Positive
351,Amazing quality and great value for the price!,Positive
905,I wouldn't recommend this to my friends. Poor performance.,Negative
537,Excellent service and fast delivery. Highly recommend!,Positive
345,Not satisfied with the quality. It feels cheap.,Negative
995,Not satisfied with the quality. It feels cheap.,Negative
482,I wouldn't recommend this to my friends. Poor performance.,Negative
576,Excellent service and fast delivery. Highly recommend!,Positive
34,Excellent service and fast delivery. Highly recommend!,Positive
32,Not satisfied with the quality. It feels cheap.,Negative
232,The item arrived late and was damaged. Very disappointed.,Negative
964,I wouldn't recommend this to my friends. Poor performance.,Negative
193,This is the best purchase I've made this year!,Positive
334,Excellent service and fast delivery. Highly recommend!,Positive
4,Excellent service and fast delivery. Highly recommend!,Positive
205,I love this product! It has changed my life.,Positive
515,Excellent service and fast delivery. Highly recommend!,Positive
800,"Terrible experience, the product broke after a week.",Negative
307,I wouldn't recommend this to my friends. Poor performance.,Negative
110,Excellent service and fast delivery. Highly recommend!,Positive
431,This is the best purchase I've made this year!,Positive
78,"Neutral feelings about this product, it's just average.",Neutral
85,Excellent service and fast delivery. Highly recommend!,Positive
287,"The product is okay, but nothing special.",Neutral
83,This is the best purchase I've made this year!,Positive
992,Amazing quality and great value for the price!,Positive
790,I love this product! It has changed my life.,Positive
895,"Terrible experience, the product broke after a week.",Negative
399,The item arrived late and was damaged. Very disappointed.,Negative
324,I wouldn't recommend this to my friends. Poor performance.,Negative
520,The item arrived late and was damaged. Very disappointed.,Negative
917,I wouldn't recommend this to my friends. Poor performance.,Negative
923,The item arrived late and was damaged. Very disappointed.,Negative
6,"The product is okay, but nothing special.",Neutral
732,I wouldn't recommend this to my friends. Poor performance.,Negative
466,I wouldn't recommend this to my friends. Poor performance.,Negative
98,"The product is okay, but nothing special.",Neutral
267,"Neutral feelings about this product, it's just average.",Neutral
358,Excellent service and fast delivery. Highly recommend!,Positive
869,I wouldn't recommend this to my friends. Poor performance.,Negative
799,"Neutral feelings about this product, it's just average.",Neutral
381,Amazing quality and great value for the price!,Positive
632,This is the best purchase I've made this year!,Positive
382,I love this product! It has changed my life.,Positive
491,The item arrived late and was damaged. Very disappointed.,Negative
119,The item arrived late and was damaged. Very disappointed.,Negative
901,Not satisfied with the quality. It feels cheap.,Negative
251,Amazing quality and great value for the price!,Positive
524,"Neutral feelings about this product, it's just average.",Neutral
10,I wouldn't recommend this to my friends. Poor performance.,Negative
197,Excellent service and fast delivery. Highly recommend!,Positive
604,Not satisfied with the quality. It feels cheap.,Negative
82,Excellent service and fast delivery. Highly recommend!,Positive
784,Excellent service and fast delivery. Highly recommend!,Positive
588,I wouldn't recommend this to my friends. Poor performance.,Negative
798,"The product is okay, but nothing special.",Neutral
240,"The product is okay, but nothing special.",Neutral
291,"The product is okay, but nothing special.",Neutral
212,Excellent service and fast delivery. Highly recommend!,Positive
718,I wouldn't recommend this to my friends. Poor performance.,Negative
360,Amazing quality and great value for the price!,Positive
450,Amazing quality and great value for the price!,Positive
228,"Neutral feelings about this product, it's just average.",Neutral
951,I wouldn't recommend this to my friends. Poor performance.,Negative
947,I love this product! It has changed my life.,Positive
797,Not satisfied with the quality. It feels cheap.,Negative
502,"Terrible experience, the product broke after a week.",Negative
465,This is the best purchase I've made this year!,Positive
363,I love this product! It has changed my life.,Positive
469,Not satisfied with the quality. It feels cheap.,Negative
936,"Terrible experience, the product broke after a week.",Negative
429,"Terrible experience, the product broke after a week.",Negative
8,Amazing quality and great value for the price!,Positive
156,This is the best purchase I've made this year!,Positive
542,Amazing quality and great value for the price!,Positive
441,Not satisfied with the quality. It feels cheap.,Negative
483,I wouldn't recommend this to my friends. Poor performance.,Negative
423,Excellent service and fast delivery. Highly recommend!,Positive
779,I wouldn't recommend this to my friends. Poor performance.,Negative
950,This is the best purchase I've made this year!,Positive
335,This is the best purchase I've made this year!,Positive
577,"Terrible experience, the product broke after a week.",Negative
935,"Neutral feelings about this product, it's just average.",Neutral
568,This is the best purchase I've made this year!,Positive
595,Not satisfied with the quality. It feels cheap.,Negative
531,Excellent service and fast delivery. Highly recommend!,Positive
582,"Neutral feelings about this product, it's just average.",Neutral
708,The item arrived late and was damaged. Very disappointed.,Negative
449,I wouldn't recommend this to my friends. Poor performance.,Negative
454,Excellent service and fast delivery. Highly recommend!,Positive
229,I love this product! It has changed my life.,Positive
353,Not satisfied with the quality. It feels cheap.,Negative
729,Not satisfied with the quality. It feels cheap.,Negative
213,Amazing quality and great value for the price!,Positive
80,Not satisfied with the quality. It feels cheap.,Negative
149,"The product is okay, but nothing special.",Neutral
303,I wouldn't recommend this to my friends. Poor performance.,Negative
629,This is the best purchase I've made this year!,Positive
778,Not satisfied with the quality. It feels cheap.,Negative
507,"Terrible experience, the product broke after a week.",Negative
343,I love this product! It has changed my life.,Positive
486,Amazing quality and great value for the price!,Positive
712,Excellent service and fast delivery. Highly recommend!,Positive
134,"Terrible experience, the product broke after a week.",Negative
704,I wouldn't recommend this to my friends. Poor performance.,Negative
312,This is the best purchase I've made this year!,Positive
723,"Neutral feelings about this product, it's just average.",Neutral
630,Excellent service and fast delivery. Highly recommend!,Positive
1,"Terrible experience, the product broke after a week.",Negative
317,Not satisfied with the quality. It feels cheap.,Negative
707,"Neutral feelings about this product, it's just average.",Neutral
548,Amazing quality and great value for the price!,Positive
873,Amazing quality and great value for the price!,Positive
533,Amazing quality and great value for the price!,Positive
478,Excellent service and fast delivery. Highly recommend!,Positive
405,The item arrived late and was damaged. Very disappointed.,Negative
173,"Neutral feelings about this product, it's just average.",Neutral
126,Amazing quality and great value for the price!,Positive
395,Excellent service and fast delivery. Highly recommend!,Positive
421,Not satisfied with the quality. It feels cheap.,Negative
553,"Neutral feelings about this product, it's just average.",Neutral
904,Excellent service and fast delivery. Highly recommend!,Positive
91,Excellent service and fast delivery. Highly recommend!,Positive
940,"Terrible experience, the product broke after a week.",Negative
182,Excellent service and fast delivery. Highly recommend!,Positive
275,Excellent service and fast delivery. Highly recommend!,Positive
896,I wouldn't recommend this to my friends. Poor performance.,Negative
70,Excellent service and fast delivery. Highly recommend!,Positive
292,"Terrible experience, the product broke after a week.",Negative
132,Not satisfied with the quality. It feels cheap.,Negative
301,I wouldn't recommend this to my friends. Poor performance.,Negative
425,Excellent service and fast delivery. Highly recommend!,Positive
327,Amazing quality and great value for the price!,Positive
145,Not satisfied with the quality. It feels cheap.,Negative
424,I love this product! It has changed my life.,Positive
581,Amazing quality and great value for the price!,Positive
136,The item arrived late and was damaged. Very disappointed.,Negative
451,"Terrible experience, the product broke after a week.",Negative
165,I wouldn't recommend this to my friends. Poor performance.,Negative
29,"The product is okay, but nothing special.",Neutral
774,"The product is okay, but nothing special.",Neutral
194,I love this product! It has changed my life.,Positive
389,I love this product! It has changed my life.,Positive
853,"Terrible experience, the product broke after a week.",Negative
170,Amazing quality and great value for the price!,Positive
706,"Neutral feelings about this product, it's just average.",Neutral
141,Amazing quality and great value for the price!,Positive
174,Amazing quality and great value for the price!,Positive
7,"Terrible experience, the product broke after a week.",Negative
746,"Neutral feelings about this product, it's just average.",Neutral
479,The item arrived late and was damaged. Very disappointed.,Negative
74,"The product is okay, but nothing special.",Neutral
911,"The product is okay, but nothing special.",Neutral
814,The item arrived late and was damaged. Very disappointed.,Negative
239,"Neutral feelings about this product, it's just average.",Neutral
146,Amazing quality and great value for the price!,Positive
793,Not satisfied with the quality. It feels cheap.,Negative
235,Excellent service and fast delivery. Highly recommend!,Positive
221,Excellent service and fast delivery. Highly recommend!,Positive
924,This is the best purchase I've made this year!,Positive
501,"The product is okay, but nothing special.",Neutral
133,This is the best purchase I've made this year!,Positive
991,I wouldn't recommend this to my friends. Poor performance.,Negative
775,Excellent service and fast delivery. Highly recommend!,Positive
186,"Neutral feelings about this product, it's just average.",Neutral
42,I wouldn't recommend this to my friends. Poor performance.,Negative
697,This is the best purchase I've made this year!,Positive
109,This is the best purchase I've made this year!,Positive
589,I love this product! It has changed my life.,Positive
57,I love this product! It has changed my life.,Positive
406,I love this product! It has changed my life.,Positive
443,"Terrible experience, the product broke after a week.",Negative
758,Amazing quality and great value for the price!,Positive
998,Amazing quality and great value for the price!,Positive
25,"Neutral feelings about this product, it's just average.",Neutral
468,"Terrible experience, the product broke after a week.",Negative
540,"The product is okay, but nothing special.",Neutral
532,"The product is okay, but nothing special.",Neutral
619,I wouldn't recommend this to my friends. Poor performance.,Negative
695,"Terrible experience, the product broke after a week.",Negative
927,"The product is okay, but nothing special.",Neutral
339,Amazing quality and great value for the price!,Positive
52,I wouldn't recommend this to my friends. Poor performance.,Negative
508,Excellent service and fast delivery. Highly recommend!,Positive
517,I wouldn't recommend this to my friends. Poor performance.,Negative
921,"Neutral feelings about this product, it's just average.",Neutral
782,Not satisfied with the quality. It feels cheap.,Negative
265,The item arrived late and was damaged. Very disappointed.,Negative
818,I love this product! It has changed my life.,Positive
711,This is the best purchase I've made this year!,Positive
683,I wouldn't recommend this to my friends. Poor performance.,Negative
833,The item arrived late and was damaged. Very disappointed.,Negative
519,"Neutral feelings about this product, it's just average.",Neutral
448,The item arrived late and was damaged. Very disappointed.,Negative
19,I love this product! It has changed my life.,Positive
716,Excellent service and fast delivery. Highly recommend!,Positive
484,Not satisfied with the quality. It feels cheap.,Negative
569,Amazing quality and great value for the price!,Positive
434,Amazing quality and great value for the price!,Positive
368,I love this product! It has changed my life.,Positive
84,I love this product! It has changed my life.,Positive
62,"Terrible experience, the product broke after a week.",Negative
639,"Neutral feelings about this product, it's just average.",Neutral
273,Excellent service and fast delivery. Highly recommend!,Positive
286,Amazing quality and great value for the price!,Positive
361,"Neutral feelings about this product, it's just average.",Neutral
355,I wouldn't recommend this to my friends. Poor performance.,Negative
457,The item arrived late and was damaged. Very disappointed.,Negative
279,I love this product! It has changed my life.,Positive
13,I love this product! It has changed my life.,Positive
183,Not satisfied with the quality. It feels cheap.,Negative
369,This is the best purchase I've made this year!,Positive
882,I wouldn't recommend this to my friends. Poor performance.,Negative
616,I love this product! It has changed my life.,Positive
224,The item arrived late and was damaged. Very disappointed.,Negative
573,Excellent service and fast delivery. Highly recommend!,Positive
971,The item arrived late and was damaged. Very disappointed.,Negative
654,"The product is okay, but nothing special.",Neutral
546,"Neutral feelings about this product, it's just average.",Neutral
583,The item arrived late and was damaged. Very disappointed.,Negative
634,The item arrived late and was damaged. Very disappointed.,Negative
177,Amazing quality and great value for the price!,Positive
666,"The product is okay, but nothing special.",Neutral
674,The item arrived late and was damaged. Very disappointed.,Negative
586,The item arrived late and was damaged. Very disappointed.,Negative
874,Excellent service and fast delivery. Highly recommend!,Positive
394,Excellent service and fast delivery. Highly recommend!,Positive
164,Excellent service and fast delivery. Highly recommend!,Positive
249,"Terrible experience, the product broke after a week.",Negative
635,Not satisfied with the quality. It feels cheap.,Negative
886,"Terrible experience, the product broke after a week.",Negative
670,I love this product! It has changed my life.,Positive
376,Amazing quality and great value for the price!,Positive
413,"Terrible experience, the product broke after a week.",Negative
75,Amazing quality and great value for the price!,Positive
114,"Terrible experience, the product broke after a week.",Negative
599,Amazing quality and great value for the price!,Positive
962,"Terrible experience, the product broke after a week.",Negative
391,This is the best purchase I've made this year!,Positive
105,I wouldn't recommend this to my friends. Poor performance.,Negative
115,I love this product! It has changed my life.,Positive
418,Excellent service and fast delivery. Highly recommend!,Positive
526,Excellent service and fast delivery. Highly recommend!,Positive
458,I love this product! It has changed my life.,Positive
410,Excellent service and fast delivery. Highly recommend!,Positive
93,This is the best purchase I've made this year!,Positive
931,Not satisfied with the quality. It feels cheap.,Negative
90,"Terrible experience, the product broke after a week.",Negative
337,"The product is okay, but nothing special.",Neutral
989,The item arrived late and was damaged. Very disappointed.,Negative
922,This is the best purchase I've made this year!,Positive
934,I love this product! It has changed my life.,Positive
606,"Neutral feelings about this product, it's just average.",Neutral
594,This is the best purchase I've made this year!,Positive
612,"Neutral feelings about this product, it's just average.",Neutral
95,"Neutral feelings about this product, it's just average.",Neutral
12,I love this product! It has changed my life.,Positive
397,This is the best purchase I've made this year!,Positive
534,"Neutral feelings about this product, it's just average.",Neutral
44,I love this product! It has changed my life.,Positive
43,Not satisfied with the quality. It feels cheap.,Negative
330,Not satisfied with the quality. It feels cheap.,Negative
168,"Neutral feelings about this product, it's just average.",Neutral
498,Excellent service and fast delivery. Highly recommend!,Positive
877,"The product is okay, but nothing special.",Neutral
598,Amazing quality and great value for the price!,Positive
757,Amazing quality and great value for the price!,Positive
101,Excellent service and fast delivery. Highly recommend!,Positive
427,This is the best purchase I've made this year!,Positive
179,The item arrived late and was damaged. Very disappointed.,Negative
445,The item arrived late and was damaged. Very disappointed.,Negative
417,Excellent service and fast delivery. Highly recommend!,Positive
871,The item arrived late and was damaged. Very disappointed.,Negative
883,I wouldn't recommend this to my friends. Poor performance.,Negative
681,I wouldn't recommend this to my friends. Poor performance.,Negative
178,I wouldn't recommend this to my friends. Poor performance.,Negative
396,,Neutral
912,"Neutral feelings about this product, it's just average.",Neutral
794,I love this product! It has changed my life.,Positive
961,"Neutral feelings about this product, it's just average.",Neutral
685,This is the best purchase I've made this year!,Positive
384,I wouldn't recommend this to my friends. Poor performance.,Negative
957,Amazing quality and great value for the price!,Positive
752,Excellent service and fast delivery. Highly recommend!,Positive
258,"Neutral feelings about this product, it's just average.",Neutral
539,"Neutral feelings about this product, it's just average.",Neutral
336,Not satisfied with the quality. It feels cheap.,Negative
16,Excellent service and fast delivery. Highly recommend!,Positive
325,"Terrible experience, the product broke after a week.",Negative
759,This is the best purchase I've made this year!,Positive
223,"Terrible experience, the product broke after a week.",Negative
180,Excellent service and fast delivery. Highly recommend!,Positive
984,"Neutral feelings about this product, it's just average.",Neutral
23,The item arrived late and was damaged. Very disappointed.,Negative
357,This is the best purchase I've made this year!,Positive
667,Not satisfied with the quality. It feels cheap.,Negative
862,Excellent service and fast delivery. Highly recommend!,Positive
341,I wouldn't recommend this to my friends. Poor performance.,Negative
432,Amazing quality and great value for the price!,Positive
552,"The product is okay, but nothing special.",Neutral
834,"Neutral feelings about this product, it's just average.",Neutral
204,"Terrible experience, the product broke after a week.",Negative
631,"Neutral feelings about this product, it's just average.",Neutral
94,Excellent service and fast delivery. Highly recommend!,Positive
559,"Neutral feelings about this product, it's just average.",Neutral
69,This is the best purchase I've made this year!,Positive
623,"The product is okay, but nothing special.",Neutral
285,Amazing quality and great value for the price!,Positive
845,Excellent service and fast delivery. Highly recommend!,Positive
435,This is the best purchase I've made this year!,Positive
154,I love this product! It has changed my life.,Positive
76,Excellent service and fast delivery. Highly recommend!,Positive
731,Not satisfied with the quality. It feels cheap.,Negative
447,This is the best purchase I've made this year!,Positive
189,"Terrible experience, the product broke after a week.",Negative
272,"The product is okay, but nothing special.",Neutral
237,Excellent service and fast delivery. Highly recommend!,Positive
488,Not satisfied with the quality. It feels cheap.,Negative
118,"The product is okay, but nothing special.",Neutral
944,Amazing quality and great value for the price!,Positive
513,I love this product! It has changed my life.,Positive
826,Amazing quality and great value for the price!,Positive
592,"Neutral feelings about this product, it's just average.",Neutral
127,Not satisfied with the quality. It feels cheap.,Negative
117,"The product is okay, but nothing special.",Neutral
474,The item arrived late and was damaged. Very disappointed.,Negative
694,"Neutral feelings about this product, it's just average.",Neutral
58,Excellent service and fast delivery. Highly recommend!,Positive
864,Not satisfied with the quality. It feels cheap.,Negative
913,Amazing quality and great value for the price!,Positive
370,"The product is okay, but nothing special.",Neutral
269,The item arrived late and was damaged. Very disappointed.,Negative
47,"Terrible experience, the product broke after a week.",Negative
350,"Terrible experience, the product broke after a week.",Negative
196,Amazing quality and great value for the price!,Positive
1000,I love this product! It has changed my life.,Positive
835,"Neutral feelings about this product, it's just average.",Neutral
737,Excellent service and fast delivery. Highly recommend!,Positive
264,I love this product! It has changed my life.,Positive
444,I wouldn't recommend this to my friends. Poor performance.,Negative
676,"Terrible experience, the product broke after a week.",Negative
305,The item arrived late and was damaged. Very disappointed.,Negative
342,Amazing quality and great value for the price!,Positive
967,Not satisfied with the quality. It feels cheap.,Negative
150,This is the best purchase I've made this year!,Positive
125,"Neutral feelings about this product, it's just average.",Neutral
787,This is the best purchase I've made this year!,Positive
51,Not satisfied with the quality. It feels cheap.,Negative
354,Not satisfied with the quality. It feels cheap.,Negative
928,This is the best purchase I've made this year!,Positive
143,Amazing quality and great value for the price!,Positive
471,Not satisfied with the quality. It feels cheap.,Negative
400,I wouldn't recommend this to my friends. Poor performance.,Negative
626,I love this product! It has changed my life.,Positive
321,I love this product! It has changed my life.,Positive
20,Amazing quality and great value for the price!,Positive
810,Not satisfied with the quality. It feels cheap.,Negative
791,Amazing quality and great value for the price!,Positive
809,I love this product! It has changed my life.,Positive
408,This is the best purchase I've made this year!,Positive
538,"Terrible experience, the product broke after a week.",Negative
621,"Terrible experience, the product broke after a week.",Negative
39,"Terrible experience, the product broke after a week.",Negative
176,Not satisfied with the quality. It feels cheap.,Negative
246,"Terrible experience, the product broke after a week.",Negative
829,I wouldn't recommend this to my friends. Poor performance.,Negative
668,"Terrible experience, the product broke after a week.",Negative
755,This is the best purchase I've made this year!,Positive
859,"Neutral feelings about this product, it's just average.",Neutral
155,I wouldn't recommend this to my friends. Poor performance.,Negative
288,I love this product! It has changed my life.,Positive
603,Excellent service and fast delivery. Highly recommend!,Positive
570,"Terrible experience, the product broke after a week.",Negative
744,"Neutral feelings about this product, it's just average.",Neutral
18,I wouldn't recommend this to my friends. Poor performance.,Negative
128,Amazing quality and great value for the price!,Positive
323,I wouldn't recommend this to my friends. Poor performance.,Negative
256,The item arrived late and was damaged. Very disappointed.,Negative
658,Excellent service and fast delivery. Highly recommend!,Positive
965,Excellent service and fast delivery. Highly recommend!,Positive
191,Excellent service and fast delivery. Highly recommend!,Positive
116,"Terrible experience, the product broke after a week.",Negative
617,The item arrived late and was damaged. Very disappointed.,Negative
607,I love this product! It has changed my life.,Positive
181,Amazing quality and great value for the price!,Positive
302,I love this product! It has changed my life.,Positive
760,The item arrived late and was damaged. Very disappointed.,Negative
713,"Terrible experience, the product broke after a week.",Negative
724,This is the best purchase I've made this year!,Positive
686,Amazing quality and great value for the price!,Positive
980,Amazing quality and great value for the price!,Positive
518,"Terrible experience, the product broke after a week.",Negative
985,Excellent service and fast delivery. Highly recommend!,Positive
46,Amazing quality and great value for the price!,Positive
910,I love this product! It has changed my life.,Positive
158,I love this product! It has changed my life.,Positive
852,Amazing quality and great value for the price!,Positive
172,"The product is okay, but nothing special.",Neutral
17,Amazing quality and great value for the price!,Positive
512,"The product is okay, but nothing special.",Neutral
49,"Terrible experience, the product broke after a week.",Negative
972,"Terrible experience, the product broke after a week.",Negative
941,The item arrived late and was damaged. Very disappointed.,Negative
516,"Neutral feelings about this product, it's just average.",Neutral
953,"Neutral feelings about this product, it's just average.",Neutral
481,"The product is okay, but nothing special.",Neutral
284,"Neutral feelings about this product, it's just average.",Neutral
719,I wouldn't recommend this to my friends. Poor performance.,Negative
878,"Terrible experience, the product broke after a week.",Negative
226,The item arrived late and was damaged. Very disappointed.,Negative
27,Not satisfied with the quality. It feels cheap.,Negative
955,Excellent service and fast delivery. Highly recommend!,Positive
438,Not satisfied with the quality. It feels cheap.,Negative
952,"Neutral feelings about this product, it's just average.",Neutral
365,The item arrived late and was damaged. Very disappointed.,Negative
230,"Terrible experience, the product broke after a week.",Negative
38,The item arrived late and was damaged. Very disappointed.,Negative
966,"The product is okay, but nothing special.",Neutral
375,The item arrived late and was damaged. Very disappointed.,Negative
470,Amazing quality and great value for the price!,Positive
968,Amazing quality and great value for the price!,Positive
851,"The product is okay, but nothing special.",Neutral
705,Amazing quality and great value for the price!,Positive
842,I love this product! It has changed my life.,Positive
195,I wouldn't recommend this to my friends. Poor performance.,Negative
855,I love this product! It has changed my life.,Positive
865,"Neutral feelings about this product, it's just average.",Neutral
504,Amazing quality and great value for the price!,Positive
970,Amazing quality and great value for the price!,Positive
831,Excellent service and fast delivery. Highly recommend!,Positive
580,This is the best purchase I've made this year!,Positive
969,I love this product! It has changed my life.,Positive
163,I love this product! It has changed my life.,Positive
909,I wouldn't recommend this to my friends. Poor performance.,Negative
153,Amazing quality and great value for the price!,Positive
802,I wouldn't recommend this to my friends. Poor performance.,Negative
994,"Terrible experience, the product broke after a week.",Negative
756,"Neutral feelings about this product, it's just average.",Neutral
112,Amazing quality and great value for the price!,Positive
227,The item arrived late and was damaged. Very disappointed.,Negative
689,"Terrible experience, the product broke after a week.",Negative
104,Not satisfied with the quality. It feels cheap.,Negative
422,Excellent service and fast delivery. Highly recommend!,Positive
420,This is the best purchase I've made this year!,Positive
751,The item arrived late and was damaged. Very disappointed.,Negative
587,The item arrived late and was damaged. Very disappointed.,Negative
781,I wouldn't recommend this to my friends. Poor performance.,Negative
673,The item arrived late and was damaged. Very disappointed.,Negative
120,I wouldn't recommend this to my friends. Poor performance.,Negative
54,I wouldn't recommend this to my friends. Poor performance.,Negative
152,Amazing quality and great value for the price!,Positive
404,"The product is okay, but nothing special.",Neutral
946,The item arrived late and was damaged. Very disappointed.,Negative
208,Amazing quality and great value for the price!,Positive
659,"Neutral feelings about this product, it's just average.",Neutral
844,"Terrible experience, the product broke after a week.",Negative
763,This is the best purchase I've made this year!,Positive
9,"Terrible experience, the product broke after a week.",Negative
808,"The product is okay, but nothing special.",Neutral
37,"Terrible experience, the product broke after a week.",Negative
453,I wouldn't recommend this to my friends. Poor performance.,Negative
652,"The product is okay, but nothing special.",Neutral
254,Excellent service and fast delivery. Highly recommend!,Positive
304,"Terrible experience, the product broke after a week.",Negative
747,I love this product! It has changed my life.,Positive
572,"The product is okay, but nothing special.",Neutral
624,"Neutral feelings about this product, it's just average.",Neutral
733,Not satisfied with the quality. It feels cheap.,Negative
892,Amazing quality and great value for the price!,Positive
263,The item arrived late and was damaged. Very disappointed.,Negative
611,"The product is okay, but nothing special.",Neutral
298,I wouldn't recommend this to my friends. Poor performance.,Negative
415,I love this product! It has changed my life.,Positive
151,"The product is okay, but nothing special.",Neutral
789,Not satisfied with the quality. It feels cheap.,Negative
641,Amazing quality and great value for the price!,Positive
890,Not satisfied with the quality. It feels cheap.,Negative
551,"Neutral feelings about this product, it's just average.",Neutral
887,"Neutral feelings about this product, it's just average.",Neutral
489,Not satisfied with the quality. It feels cheap.,Negative
148,Excellent service and fast delivery. Highly recommend!,Positive
147,I wouldn't recommend this to my friends. Poor performance.,Negative
721,This is the best purchase I've made this year!,Positive
932,The item arrived late and was damaged. Very disappointed.,Negative
740,The item arrived late and was damaged. Very disappointed.,Negative
660,Not satisfied with the quality. It feels cheap.,Negative
349,"Terrible experience, the product broke after a week.",Negative
464,"Terrible experience, the product broke after a week.",Negative
326,"Terrible experience, the product broke after a week.",Negative
187,Amazing quality and great value for the price!,Positive
124,I wouldn't recommend this to my friends. Poor performance.,Negative
854,"The product is okay, but nothing special.",Neutral
609,This is the best purchase I've made this year!,Positive
144,"Terrible experience, the product broke after a week.",Negative
959,Not satisfied with the quality. It feels cheap.,Negative
198,I wouldn't recommend this to my friends. Poor performance.,Negative
610,The item arrived late and was damaged. Very disappointed.,Negative
280,This is the best purchase I've made this year!,Positive
294,"Terrible experience, the product broke after a week.",Negative
401,"The product is okay, but nothing special.",Neutral
123,The item arrived late and was damaged. Very disappointed.,Negative
184,The item arrived late and was damaged. Very disappointed.,Negative
203,Excellent service and fast delivery. Highly recommend!,Positive
439,"The product is okay, but nothing special.",Neutral
247,"Neutral feelings about this product, it's just average.",Neutral
416,"Neutral feelings about this product, it's just average.",Neutral
933,Amazing quality and great value for the price!,Positive
766,Not satisfied with the quality. It feels cheap.,Negative
907,I love this product! It has changed my life.,Positive
836,Not satisfied with the quality. It feels cheap.,Negative
888,Not satisfied with the quality. It feels cheap.,Negative
130,"Terrible experience, the product broke after a week.",Negative
638,"Terrible experience, the product broke after a week.",Negative
403,"The product is okay, but nothing special.",Neutral
785,Not satisfied with the quality. It feels cheap.,Negative
771,This is the best purchase I've made this year!,Positive
736,Amazing quality and great value for the price!,Positive
914,"Neutral feelings about this product, it's just average.",Neutral
220,The item arrived late and was damaged. Very disappointed.,Negative
642,I love this product! It has changed my life.,Positive
916,"The product is okay, but nothing special.",Neutral
753,Not satisfied with the quality. It feels cheap.,Negative
807,This is the best purchase I've made this year!,Positive
920,"Terrible experience, the product broke after a week.",Negative
625,"The product is okay, but nothing special.",Neutral
875,"The product is okay, but nothing special.",Neutral
761,Amazing quality and great value for the price!,Positive
387,The item arrived late and was damaged. Very disappointed.,Negative
973,Excellent service and fast delivery. Highly recommend!,Positive
510,Excellent service and fast delivery. Highly recommend!,Positive
268,Not satisfied with the quality. It feels cheap.,Negative
820,"The product is okay, but nothing special.",Neutral
442,I love this product! It has changed my life.,Positive
497,"Neutral feelings about this product, it's just average.",Neutral
113,"Neutral feelings about this product, it's just average.",Neutral
692,I love this product! It has changed my life.,Positive
233,This is the best purchase I've made this year!,Positive
870,Excellent service and fast delivery. Highly recommend!,Positive
608,The item arrived late and was damaged. Very disappointed.,Negative
672,I wouldn't recommend this to my friends. Poor performance.,Negative
374,Amazing quality and great value for the price!,Positive
982,The item arrived late and was damaged. Very disappointed.,Negative
843,I wouldn't recommend this to my friends. Poor performance.,Negative
234,"Terrible experience, the product broke after a week.",Negative
786,Excellent service and fast delivery. Highly recommend!,Positive
677,I wouldn't recommend this to my friends. Poor performance.,Negative
318,"Neutral feelings about this product, it's just average.",Neutral
649,Excellent service and fast delivery. Highly recommend!,Positive
411,Not satisfied with the quality. It feels cheap.,Negative
899,This is the best purchase I've made this year!,Positive
710,Not satisfied with the quality. It feels cheap.,Negative
359,Not satisfied with the quality. It feels cheap.,Negative
259,Excellent service and fast delivery. Highly recommend!,Positive
745,"Neutral feelings about this product, it's just average.",Neutral
628,The item arrived late and was damaged. Very disappointed.,Negative
633,This is the best purchase I've made this year!,Positive
283,I wouldn't recommend this to my friends. Poor performance.,Negative
377,I love this product! It has changed my life.,Positive
385,Amazing quality and great value for the price!,Positive
225,This is the best purchase I've made this year!,Positive
954,I love this product! It has changed my life.,Positive
815,"Neutral feelings about this product, it's just average.",Neutral
473,This is the best purchase I've made this year!,Positive
348,Not satisfied with the quality. It feels cheap.,Negative
506,This is the best purchase I've made this year!,Positive
640,I love this product! It has changed my life.,Positive
988,"The product is okay, but nothing special.",Neutral
929,The item arrived late and was damaged. Very disappointed.,Negative
906,I wouldn't recommend this to my friends. Poor performance.,Negative
620,I love this product! It has changed my life.,Positive
856,The item arrived late and was damaged. Very disappointed.,Negative
804,"Neutral feelings about this product, it's just average.",Neutral
646,I love this product! It has changed my life.,Positive
847,Not satisfied with the quality. It feels cheap.,Negative
557,Not satisfied with the quality. It feels cheap.,Negative
958,"The product is okay, but nothing special.",Neutral
578,The item arrived late and was damaged. Very disappointed.,Negative
796,Amazing quality and great value for the price!,Positive
86,I love this product! It has changed my life.,Positive
243,Not satisfied with the quality. It feels cheap.,Negative
699,"The product is okay, but nothing special.",Neutral
160,This is the best purchase I've made this year!,Positive
525,The item arrived late and was damaged. Very disappointed.,Negative
36,"Terrible experience, the product broke after a week.",Negative
541,"Neutral feelings about this product, it's just average.",Neutral
171,"The product is okay, but nothing special.",Neutral
655,"Neutral feelings about this product, it's just average.",Neutral
891,Amazing quality and great value for the price!,Positive
858,I wouldn't recommend this to my friends. Poor performance.,Negative
848,"Terrible experience, the product broke after a week.",Negative
945,"Neutral feelings about this product, it's just average.",Neutral
734,Amazing quality and great value for the price!,Positive
96,The item arrived late and was damaged. Very disappointed.,Negative
564,Not satisfied with the quality. It feels cheap.,Negative
241,The item arrived late and was damaged. Very disappointed.,Negative
743,Excellent service and fast delivery. Highly recommend!,Positive
575,"The product is okay, but nothing special.",Neutral
691,This is the best purchase I've made this year!,Positive
461,Excellent service and fast delivery. Highly recommend!,Positive
554,"Neutral feelings about this product, it's just average.",Neutral
889,The item arrived late and was damaged. Very disappointed.,Negative
207,"Terrible experience, the product broke after a week.",Negative
393,This is the best purchase I've made this year!,Positive
795,I love this product! It has changed my life.,Positive
398,Amazing quality and great value for the price!,Positive
767,Not satisfied with the quality. It feels cheap.,Negative
849,"The product is okay, but nothing special.",Neutral
218,Excellent service and fast delivery. Highly recommend!,Positive
5,Excellent service and fast delivery. Highly recommend!,Positive
769,"Terrible experience, the product broke after a week.",Negative
643,This is the best purchase I've made this year!,Positive
930,"Neutral feelings about this product, it's just average.",Neutral
613,"The product is okay, but nothing special.",Neutral
739,Excellent service and fast delivery. Highly recommend!,Positive
547,I wouldn't recommend this to my friends. Poor performance.,Negative
726,"Neutral feelings about this product, it's just average.",Neutral
684,I love this product! It has changed my life.,Positive
99,Not satisfied with the quality. It feels cheap.,Negative
805,"Neutral feelings about this product, it's just average.",Neutral
728,This is the best purchase I've made this year!,Positive
574,The item arrived late and was damaged. Very disappointed.,Negative
407,"The product is okay, but nothing special.",Neutral
503,Not satisfied with the quality. It feels cheap.,Negative
48,The item arrived late and was damaged. Very disappointed.,Negative
33,"The product is okay, but nothing special.",Neutral
780,Amazing quality and great value for the price!,Positive
840,I wouldn't recommend this to my friends. Poor performance.,Negative
201,"Terrible experience, the product broke after a week.",Negative
135,Not satisfied with the quality. It feels cheap.,Negative
28,I love this product! It has changed my life.,Positive
881,Not satisfied with the quality. It feels cheap.,Negative
231,I love this product! It has changed my life.,Positive
490,Excellent service and fast delivery. Highly recommend!,Positive
773,Amazing quality and great value for the price!,Positive
379,"Terrible experience, the product broke after a week.",Negative
289,Amazing quality and great value for the price!,Positive
419,"Neutral feelings about this product, it's just average.",Neutral
675,Excellent service and fast delivery. Highly recommend!,Positive
392,I love this product! It has changed my life.,Positive
593,I love this product! It has changed my life.,Positive
499,Amazing quality and great value for the price!,Positive
139,I love this product! It has changed my life.,Positive
63,The item arrived late and was damaged. Very disappointed.,Negative
472,The item arrived late and was damaged. Very disappointed.,Negative
648,Excellent service and fast delivery. Highly recommend!,Positive
129,I love this product! It has changed my life.,Positive
977,"The product is okay, but nothing special.",Neutral
521,I wouldn't recommend this to my friends. Poor performance.,Negative
839,Not satisfied with the quality. It feels cheap.,Negative
963,I love this product! It has changed my life.,Positive
65,"Neutral feelings about this product, it's just average.",Neutral
813,"Terrible experience, the product broke after a week.",Negative
15,Excellent service and fast delivery. Highly recommend!,Positive
157,"Neutral feelings about this product, it's just average.",Neutral
41,This is the best purchase I've made this year!,Positive
493,I wouldn't recommend this to my friends. Poor performance.,Negative
380,"The product is okay, but nothing special.",Neutral
188,"Neutral feelings about this product, it's just average.",Neutral
764,"Neutral feelings about this product, it's just average.",Neutral
217,"Neutral feelings about this product, it's just average.",Neutral
792,"The product is okay, but nothing special.",Neutral
53,This is the best purchase I've made this year!,Positive
879,I love this product! It has changed my life.,Positive
338,"Neutral feelings about this product, it's just average.",Neutral
749,Not satisfied with the quality. It feels cheap.,Negative
720,The item arrived late and was damaged. Very disappointed.,Negative
725,"The product is okay, but nothing special.",Neutral
296,The item arrived late and was damaged. Very disappointed.,Negative
702,Amazing quality and great value for the price!,Positive
252,I love this product! It has changed my life.,Positive
727,Excellent service and fast delivery. Highly recommend!,Positive
462,This is the best purchase I've made this year!,Positive
456,I love this product! It has changed my life.,Positive
997,This is the best purchase I've made this year!,Positive
816,"Terrible experience, the product broke after a week.",Negative
863,Not satisfied with the quality. It feels cheap.,Negative
270,Amazing quality and great value for the price!,Positive
202,I love this product! It has changed my life.,Positive
162,Excellent service and fast delivery. Highly recommend!,Positive
556,Excellent service and fast delivery. Highly recommend!,Positive
730,This is the best purchase I've made this year!,Positive
402,Excellent service and fast delivery. Highly recommend!,Positive
703,Not satisfied with the quality. It feels cheap.,Negative
477,"The product is okay, but nothing special.",Neutral
822,Not satisfied with the quality. It feels cheap.,Negative
772,"Terrible experience, the product broke after a week.",Negative
106,The item arrived late and was damaged. Very disappointed.,Negative
566,Not satisfied with the quality. It feels cheap.,Negative
390,Not satisfied with the quality. It feels cheap.,Negative
2,I love this product! It has changed my life.,Positive
938,Not satisfied with the quality. It feels cheap.,Negative
983,"Neutral feelings about this product, it's just average.",Neutral
562,"Neutral feelings about this product, it's just average.",Neutral
81,Amazing quality and great value for the price!,Positive
206,This is the best purchase I've made this year!,Positive
35,This is the best purchase I've made this year!,Positive
776,Excellent service and fast delivery. Highly recommend!,Positive
509,Not satisfied with the quality. It feels cheap.,Negative
428,Not satisfied with the quality. It feels cheap.,Negative
455,Not satisfied with the quality. It feels cheap.,Negative
367,I love this product! It has changed my life.,Positive
92,I wouldn't recommend this to my friends. Poor performance.,Negative
340,Not satisfied with the quality. It feels cheap.,Negative
898,The item arrived late and was damaged. Very disappointed.,Negative
565,Excellent service and fast delivery. Highly recommend!,Positive
346,"Terrible experience, the product broke after a week.",Negative
777,"Neutral feelings about this product, it's just average.",Neutral
242,"The product is okay, but nothing special.",Neutral
14,"Terrible experience, the product broke after a week.",Negative
316,"The product is okay, but nothing special.",Neutral
601,Excellent service and fast delivery. Highly recommend!,Positive
388,"The product is okay, but nothing special.",Neutral
274,,Neutral
167,"Terrible experience, the product broke after a week.",Negative
841,I wouldn't recommend this to my friends. Poor performance.,Negative
993,"The product is okay, but nothing special.",Neutral
647,I love this product! It has changed my life.,Positive
819,"The product is okay, but nothing special.",Neutral
485,The item arrived late and was damaged. Very disappointed.,Negative
981,Not satisfied with the quality. It feels cheap.,Negative
505,I wouldn't recommend this to my friends. Poor performance.,Negative
832,Amazing quality and great value for the price!,Positive
244,"Neutral feelings about this product, it's just average.",Neutral
567,This is the best purchase I've made this year!,Positive
876,Not satisfied with the quality. It feels cheap.,Negative
563,"Terrible experience, the product broke after a week.",Negative
687,The item arrived late and was damaged. Very disappointed.,Negative
190,Excellent service and fast delivery. Highly recommend!,Positive
783,"Terrible experience, the product broke after a week.",Negative
700,The item arrived late and was damaged. Very disappointed.,Negative
476,Amazing quality and great value for the price!,Positive
682,"Terrible experience, the product broke after a week.",Negative
511,Excellent service and fast delivery. Highly recommend!,Positive
59,Not satisfied with the quality. It feels cheap.,Negative
475,Not satisfied with the quality. It feels cheap.,Negative
561,Not satisfied with the quality. It feels cheap.,Negative
857,"Neutral feelings about this product, it's just average.",Neutral
748,"Terrible experience, the product broke after a week.",Negative
253,"Terrible experience, the product broke after a week.",Negative
22,Amazing quality and great value for the price!,Positive
314,Not satisfied with the quality. It feels cheap.,Negative
460,Amazing quality and great value for the price!,Positive
161,Not satisfied with the quality. It feels cheap.,Negative
277,I wouldn't recommend this to my friends. Poor performance.,Negative
956,Not satisfied with the quality. It feels cheap.,Negative
192,"Terrible experience, the product broke after a week.",Negative
386,"The product is okay, but nothing special.",Neutral
806,"Neutral feelings about this product, it's just average.",Neutral
414,The item arrived late and was damaged. Very disappointed.,Negative
492,I wouldn't recommend this to my friends. Poor performance.,Negative
344,Amazing quality and great value for the price!,Positive
770,Excellent service and fast delivery. Highly recommend!,Positive
309,This is the best purchase I've made this year!,Positive
662,"The product is okay, but nothing special.",Neutral
473,This is the best purchase I've made this year!,Positive
224,The item arrived late and was damaged. Very disappointed.,Negative
73,I wouldn't recommend this to my friends. Poor performance.,Negative
263,The item arrived late and was damaged. Very disappointed.,Negative
663,I wouldn't recommend this to my friends. Poor performance.,Negative
840,I wouldn't recommend this to my friends. Poor performance.,Negative
695,"Terrible experience, the product broke after a week.",Negative
888,Not satisfied with the quality. It feels cheap.,Negative
670,I love this product! It has changed my life.,Positive
577,"Terrible experience, the product broke after a week.",Negative
616,I love this product! It has changed my life.,Positive
867,Excellent service and fast delivery. Highly recommend!,Positive
195,I wouldn't recommend this to my friends. Poor performance.,Negative
521,I wouldn't recommend this to my friends. Poor performance.,Negative
877,"The product is okay, but nothing special.",Neutral
647,I love this product! It has changed my life.,Positive
653,Excellent service and fast delivery. Highly recommend!,Positive
457,The item arrived late and was damaged. Very disappointed.,Negative
623,"The product is okay, but nothing special.",Neutral
839,Not satisfied with the quality. It feels cheap.,Negative
